Key,Value
doc_9964,"[1.409711, 1.570255]"
doc_8814,[1.106308]
